{
  "Children": [
    {
      "Children": [],
      "ResourceInfoList": [
        {
          "Values": [
            536870912,
            439440,
            16,
            0
          ]
        },
        {
          "Values": [
            537310352,
            32970,
            16,
            0
          ]
        }
      ],
      "ExternalData": [
        {
          "BaseBuffer": {
            "type": "Buffer",
            "data": [Pretend there was a buffer here]
          },
          "offset": 0
        }
      ],
      "blockType": "$RSI",
      "Unknown0C": 0,
      "Unknown10": 6,
      "Unknown11": 5,
      "Unknown12": 4,
      "FallbackResourceInfoCount": 2,
      "ResourceInfoCount": 0,
      "FallbackResourceInfoSize": 0,
      "ResourceInfoSize": 0,
      "Unknown1A": 0,
      "resourceStringListOffset": 48,
      "info": {
        "Values": [
          537310352,
          32970,
          16,
          0
        ]
      },
      "ResourceData": {
        "BaseBuffer": {
          "type": "Buffer",
          "data": []
        },
        "offset": 0
      },
      "ResourceStringList": [
        "stand_000_000|m_00|m_0Shape0:Chara_black"
      ]
    },
    {
      "Children": [],
      "blockType": "$CT0",
      "Unknown0C": 0
    }
  ],
  "UnknownShortList": [],
  "VertexDataSections": [
    {
      "StartOffset": 0,
      "SizePerVertex": 48
    }
  ],
  "BindBoneList": [],
  "UnknownFloatList": [],
  "unknownShortList": [
    1,
    3,
    0,
    12,
    2,
    3,
    132,
    24,
    4,
    2,
    132,
    32,
    5,
    4
  ],
  "boneNameOffsets": [
    0
  ],
  "unknownFloatList": [
    -0.005350865423679352,
    0.9148023724555969,
    -0.010000000707805157,
    -0.03383516147732735,
    -0.9994274377822876,
    4.940049080914832e-8,
    0.9994274377822876,
    -0.03383516147732735,
    1.443128283540318e-9,
    2.291715150981588e-10,
    4.942103259963915e-8,
    1,
    0.9078640937805176,
    0.28979653120040894,
    0.010000044479966164
  ],
  "blockType": "$VTX",
  "Unknown0C": 0,
  "VectorCount": 10,
  "Unknown14": 28,
  "MeshType": 516,
  "VertexCount": 9155,
  "Unknown1C": 1024,
  "Unknown1E": 1,
  "vertexSubBlockCount": 1,
  "bindBoneRootOffset": 68,
  "vertexSubBlockListOffset": 60,
  "unknownFloatListOffset": 72,
  "bindBoneListOffset": 0,
  "unknown28": 0,
  "BindBoneRoot": -255
}